{"cameraMode":{"drawMode":0,"name":"Shaded","section":"Shading Mode"},"sceneLighting":true,"audioPlay":false,"sceneViewState":{"m_AlwaysRefresh":false,"showFog":true,"showSkybox":false,"showFlares":true,"showImageEffects":true,"showParticleSystems":true,"showVisualEffectGraphs":true,"m_FxEnabled":false},"in2DMode":false,"pivot":{"x":177.87808227539063,"y":228.3795928955078,"z":-141.2575225830078},"rotation":{"x":0.08672454953193665,"y":-0.06330811977386475,"z":0.005521008744835854,"w":0.9942139983177185},"size":64.29984283447266,"orthographic":false}